,ID,prediction
0,10498,FAKE
1,2439,REAL
2,864,REAL
3,4128,REAL
4,662,REAL
5,8430,FAKE
6,1220,REAL
7,9624,FAKE
8,8211,FAKE
9,4099,REAL
10,878,REAL
11,5304,FAKE
12,92,FAKE
13,1545,REAL
14,3517,REAL
15,10414,FAKE
16,6109,FAKE
17,6456,FAKE
18,7431,FAKE
19,9078,FAKE
20,8054,FAKE
21,5252,REAL
22,219,REAL
23,10223,FAKE
24,6802,FAKE
25,6951,REAL
26,3003,REAL
27,6855,FAKE
28,3548,REAL
29,2050,REAL
30,4210,REAL
31,8128,FAKE
32,4414,REAL
33,8825,FAKE
34,3159,REAL
35,6388,FAKE
36,4638,FAKE
37,5094,REAL
38,3223,REAL
39,3049,REAL
40,9536,FAKE
41,7081,FAKE
42,8901,FAKE
43,6219,FAKE
44,6126,FAKE
45,8063,FAKE
46,935,REAL
47,5618,FAKE
48,6084,FAKE
49,9790,FAKE
50,8962,FAKE
51,1623,REAL
52,3385,REAL
53,2861,REAL
54,1774,FAKE
55,10308,FAKE
56,8408,FAKE
57,3250,REAL
58,817,REAL
59,6440,FAKE
60,10210,FAKE
61,4720,REAL
62,9042,FAKE
63,9389,FAKE
64,8117,FAKE
65,5469,FAKE
66,6110,FAKE
67,8916,REAL
68,6412,FAKE
69,10547,FAKE
70,3200,REAL
71,5221,REAL
72,4626,REAL
73,2996,REAL
74,5957,FAKE
75,1649,REAL
76,3416,REAL
77,3802,REAL
78,6885,FAKE
79,1145,REAL
80,5478,FAKE
81,4069,FAKE
82,6819,FAKE
83,3853,REAL
84,7179,FAKE
85,8163,FAKE
86,6666,FAKE
87,1396,REAL
88,2959,REAL
89,9539,FAKE
90,361,REAL
91,1122,REAL
92,10070,FAKE
93,1821,REAL
94,10175,REAL
95,2423,REAL
96,5242,REAL
97,3738,REAL
98,2745,REAL
99,523,REAL
100,5381,FAKE
101,2007,REAL
102,9706,FAKE
103,3571,REAL
104,1170,REAL
105,9914,FAKE
106,7611,FAKE
107,9712,FAKE
108,8419,FAKE
109,10387,FAKE
110,8619,FAKE
111,1074,REAL
112,9637,REAL
113,7129,FAKE
114,10543,FAKE
115,10526,FAKE
116,6239,FAKE
117,3121,FAKE
118,5968,FAKE
119,4206,REAL
120,10102,FAKE
121,6776,FAKE
122,3714,REAL
123,5794,FAKE
124,7639,FAKE
125,1333,REAL
126,8440,FAKE
127,6255,FAKE
128,1578,REAL
129,4800,REAL
130,2037,REAL
131,8537,FAKE
132,4793,REAL
133,4440,REAL
134,1195,REAL
135,9543,FAKE
136,5689,FAKE
137,4942,REAL
138,1730,REAL
139,2261,REAL
140,2841,REAL
141,6311,FAKE
142,2113,REAL
143,1219,REAL
144,3259,REAL
145,5599,FAKE
146,7387,FAKE
147,6137,FAKE
148,3220,REAL
149,6259,FAKE
150,5436,FAKE
151,3816,REAL
152,3890,REAL
153,3716,REAL
154,7557,FAKE
155,2142,REAL
156,6962,FAKE
157,2976,FAKE
158,7756,FAKE
159,2040,REAL
160,6514,FAKE
161,7224,FAKE
162,2549,REAL
163,4977,REAL
164,9140,FAKE
165,2296,REAL
166,5769,FAKE
167,3685,REAL
168,2420,REAL
169,7788,FAKE
170,530,REAL
171,8166,FAKE
172,3203,REAL
173,3891,REAL
174,6235,FAKE
175,4965,REAL
176,5380,FAKE
177,7600,FAKE
178,6595,FAKE
179,2431,REAL
180,441,REAL
181,6767,FAKE
182,8026,FAKE
183,729,REAL
184,5874,FAKE
185,6249,FAKE
186,659,REAL
187,2759,REAL
188,7364,REAL
189,8337,FAKE
190,731,FAKE
191,3270,REAL
192,5514,FAKE
193,6641,FAKE
194,3224,REAL
195,2402,REAL
196,7306,FAKE
197,9414,FAKE
198,9003,FAKE
199,721,REAL
200,4399,REAL
201,2098,REAL
202,6636,FAKE
203,4728,REAL
204,3022,FAKE
205,859,REAL
206,1759,REAL
207,8675,FAKE
208,4635,FAKE
209,5929,FAKE
210,1699,REAL
211,1735,REAL
212,7128,REAL
213,7427,FAKE
214,7566,FAKE
215,2163,FAKE
216,5397,REAL
217,9435,FAKE
218,5435,REAL
219,3885,REAL
220,4856,REAL
221,6447,FAKE
222,960,REAL
223,7866,FAKE
224,3488,REAL
225,1091,REAL
226,5348,FAKE
227,2791,REAL
228,1032,REAL
229,4710,REAL
230,10424,FAKE
231,618,REAL
232,3774,REAL
233,3585,FAKE
234,459,REAL
235,7342,FAKE
236,3850,REAL
237,6177,FAKE
238,9142,FAKE
239,1916,REAL
240,9207,FAKE
241,8533,FAKE
242,7799,FAKE
243,4251,REAL
244,8152,FAKE
245,9346,FAKE
246,2525,REAL
247,1370,REAL
248,9370,FAKE
249,5700,FAKE
250,2534,REAL
251,1009,REAL
252,8601,FAKE
253,4761,REAL
254,1568,REAL
255,175,REAL
256,5586,FAKE
257,8393,FAKE
258,3135,REAL
259,3116,REAL
260,3352,REAL
261,548,FAKE
262,3679,REAL
263,6978,FAKE
264,6105,FAKE
265,4948,REAL
266,5393,REAL
267,1574,REAL
268,2929,REAL
269,9797,FAKE
270,1110,REAL
271,1626,REAL
272,8955,FAKE
273,5879,FAKE
274,6508,FAKE
275,2159,REAL
276,2183,FAKE
277,4032,REAL
278,4132,REAL
279,9605,FAKE
280,2360,REAL
281,6737,FAKE
282,4508,FAKE
283,1679,REAL
284,6774,FAKE
285,2233,REAL
286,410,REAL
287,3489,REAL
288,4623,FAKE
289,2080,REAL
290,10083,REAL
291,3792,FAKE
292,2770,REAL
293,9076,FAKE
294,221,REAL
295,2766,REAL
296,7266,FAKE
297,4622,REAL
298,8124,FAKE
299,620,REAL
300,1656,REAL
301,7534,FAKE
302,6878,FAKE
303,1264,REAL
304,6451,FAKE
305,4820,REAL
306,6470,FAKE
307,6523,FAKE
308,7840,FAKE
309,1583,REAL
310,2017,REAL
311,3267,REAL
312,1468,REAL
313,4395,REAL
314,8318,FAKE
315,5218,REAL
316,9270,FAKE
317,4982,REAL
318,9666,FAKE
319,6583,FAKE
320,703,REAL
321,9846,FAKE
322,10029,FAKE
323,8377,FAKE
324,850,REAL
325,5039,REAL
326,10313,FAKE
327,3507,REAL
328,2529,REAL
329,2872,REAL
330,9214,FAKE
331,6149,FAKE
332,8512,FAKE
333,9895,FAKE
334,651,REAL
335,4090,FAKE
336,3337,REAL
337,3796,REAL
338,1221,REAL
339,6530,FAKE
340,3477,REAL
341,4138,REAL
342,7893,FAKE
343,4822,REAL
344,3752,REAL
345,4615,REAL
346,4082,REAL
347,8388,FAKE
348,3066,REAL
349,1305,REAL
350,3085,REAL
351,5642,FAKE
352,2723,FAKE
353,4849,REAL
354,2879,REAL
355,2979,REAL
356,8848,FAKE
357,7066,FAKE
358,1088,REAL
359,8301,REAL
360,7572,FAKE
361,5178,REAL
362,1906,REAL
363,2046,REAL
364,6627,FAKE
365,537,REAL
366,2990,REAL
367,3920,REAL
368,10321,FAKE
369,1740,REAL
370,5866,FAKE
371,873,REAL
372,3909,REAL
373,8463,FAKE
374,527,REAL
375,1369,REAL
376,7936,REAL
377,5811,FAKE
378,617,REAL
379,7973,FAKE
380,879,REAL
381,4105,REAL
382,1828,REAL
383,7606,FAKE
384,9306,FAKE
385,6811,FAKE
386,688,REAL
387,10097,FAKE
388,7186,FAKE
389,8465,FAKE
390,9754,FAKE
391,2524,REAL
392,5470,FAKE
393,540,REAL
394,6075,FAKE
395,7300,FAKE
396,10382,FAKE
397,99,REAL
398,6986,FAKE
399,6366,FAKE
400,3396,REAL
401,2398,FAKE
402,1322,REAL
403,6824,FAKE
404,3535,REAL
405,9990,FAKE
406,8480,FAKE
407,7597,FAKE
408,808,REAL
409,9182,FAKE
410,4284,REAL
411,5073,REAL
412,2587,REAL
413,1893,REAL
414,3102,REAL
415,7368,FAKE
416,7964,FAKE
417,10111,FAKE
418,3922,FAKE
419,7642,FAKE
420,3833,REAL
421,9172,FAKE
422,3917,REAL
423,8335,FAKE
424,4541,REAL
425,4081,REAL
426,1335,REAL
427,9326,FAKE
428,1664,REAL
429,10397,FAKE
430,6753,FAKE
431,7388,FAKE
432,4594,REAL
433,5245,REAL
434,978,REAL
435,2771,REAL
436,8257,FAKE
437,6685,FAKE
438,7094,FAKE
439,7691,FAKE
440,5351,FAKE
441,1240,REAL
442,6243,FAKE
443,614,REAL
444,1567,REAL
445,8642,FAKE
446,5768,FAKE
447,7982,REAL
448,6894,FAKE
449,5407,FAKE
450,767,REAL
451,10027,FAKE
452,3795,REAL
453,3197,REAL
454,5956,FAKE
455,1555,REAL
456,4367,FAKE
457,1495,REAL
458,107,FAKE
459,7324,FAKE
460,9878,FAKE
461,262,REAL
462,6372,FAKE
463,6379,FAKE
464,4384,REAL
465,2243,REAL
466,52,REAL
467,10519,FAKE
468,7865,FAKE
469,4997,REAL
470,8668,FAKE
471,9308,FAKE
472,3361,REAL
473,3333,REAL
474,4949,REAL
475,7731,FAKE
476,5650,FAKE
477,2543,REAL
478,4647,FAKE
479,77,REAL
480,5400,FAKE
481,8705,FAKE
482,9544,FAKE
483,843,REAL
484,6353,FAKE
485,206,REAL
486,4456,REAL
487,7703,FAKE
488,1327,REAL
489,10411,FAKE
490,7148,FAKE
491,7349,FAKE
492,7522,FAKE
493,5491,FAKE
494,10096,FAKE
495,12,REAL
496,5474,FAKE
497,8368,FAKE
498,8252,FAKE
499,5658,FAKE
500,5737,FAKE
501,10398,FAKE
502,8083,FAKE
503,10406,REAL
504,10242,FAKE
505,6580,FAKE
506,10050,REAL
507,7819,FAKE
508,8143,FAKE
509,2160,REAL
510,4892,REAL
511,4245,REAL
512,3016,FAKE
513,10532,FAKE
514,1633,REAL
515,552,REAL
516,3320,REAL
517,2265,REAL
518,2148,FAKE
519,7999,FAKE
520,665,REAL
521,2091,REAL
522,4438,REAL
523,2016,REAL
524,1968,REAL
525,5287,FAKE
526,9128,FAKE
527,9105,FAKE
528,3245,REAL
529,9779,FAKE
530,7841,FAKE
531,7134,FAKE
532,609,FAKE
533,1228,REAL
534,9238,FAKE
535,457,REAL
536,8154,FAKE
537,5583,FAKE
538,2349,REAL
539,10536,FAKE
540,1635,REAL
541,5341,FAKE
542,7189,FAKE
543,6901,FAKE
544,5009,REAL
545,6518,FAKE
546,9744,FAKE
547,6704,FAKE
548,10423,FAKE
549,3072,FAKE
550,7763,FAKE
551,8478,FAKE
552,3297,REAL
553,7021,FAKE
554,6371,FAKE
555,49,REAL
556,8452,FAKE
557,945,REAL
558,5862,FAKE
559,5936,FAKE
560,6162,FAKE
561,3163,REAL
562,4212,REAL
563,6449,FAKE
564,3668,REAL
565,8939,FAKE
566,9457,FAKE
567,1157,REAL
568,5734,FAKE
569,1239,REAL
570,4645,REAL
571,2374,FAKE
572,1252,REAL
573,7319,FAKE
574,3804,REAL
575,3394,FAKE
576,2479,REAL
577,261,REAL
578,1521,REAL
579,8006,FAKE
580,10299,REAL
581,2477,REAL
582,3358,REAL
583,1119,REAL
584,4704,REAL
585,7237,FAKE
586,3537,REAL
587,7909,FAKE
588,1454,REAL
589,6306,REAL
590,7419,FAKE
591,3510,REAL
592,7466,FAKE
593,6985,FAKE
594,8774,FAKE
595,5824,FAKE
596,7057,FAKE
597,9104,FAKE
598,1855,REAL
599,2847,FAKE
600,4774,REAL
601,622,REAL
602,4391,REAL
603,9740,REAL
604,679,REAL
605,466,FAKE
606,7181,FAKE
607,6164,FAKE
608,6383,FAKE
609,8488,FAKE
610,1254,REAL
611,2135,REAL
612,7246,FAKE
613,1540,REAL
614,10062,FAKE
615,10071,FAKE
616,152,REAL
617,7616,FAKE
618,2468,REAL
619,6461,FAKE
620,8444,REAL
621,8731,FAKE
622,3265,REAL
623,10151,FAKE
624,1415,REAL
625,2172,FAKE
626,1698,REAL
627,9109,FAKE
628,2125,REAL
629,5771,FAKE
630,5111,REAL
631,1291,REAL
632,5980,FAKE
633,10132,FAKE
634,2957,REAL
635,9728,FAKE
636,4461,REAL
637,4874,FAKE
638,5932,FAKE
639,6053,FAKE
640,4073,REAL
641,884,REAL
642,3449,FAKE
643,2920,FAKE
644,3699,REAL
645,5251,REAL
646,3930,REAL
647,1536,REAL
648,84,REAL
649,1553,REAL
650,4512,REAL
651,6488,FAKE
652,518,REAL
653,7311,FAKE
654,7396,FAKE
655,6417,FAKE
656,3313,REAL
657,8339,FAKE
658,8889,FAKE
659,2332,FAKE
660,287,REAL
661,7220,FAKE
662,2146,FAKE
663,3583,REAL
664,2109,REAL
665,7371,FAKE
666,10528,FAKE
667,9816,FAKE
668,9131,FAKE
669,9612,FAKE
670,6883,FAKE
671,6987,FAKE
672,1514,REAL
673,10422,REAL
674,7254,FAKE
675,4989,REAL
676,6515,FAKE
677,2177,REAL
678,9479,FAKE
679,2675,REAL
680,1581,REAL
681,1908,REAL
682,2173,REAL
683,7183,FAKE
684,9889,FAKE
685,8770,FAKE
686,2272,REAL
687,2442,FAKE
688,5027,REAL
689,4165,REAL
690,7685,FAKE
691,9952,REAL
692,3726,REAL
693,7686,FAKE
694,5549,FAKE
695,2633,REAL
696,4066,REAL
697,325,REAL
698,8778,FAKE
699,257,REAL
700,9339,FAKE
701,1462,REAL
702,5357,FAKE
703,73,REAL
704,414,REAL
705,1576,REAL
706,6304,FAKE
707,9873,FAKE
708,10479,FAKE
709,2073,REAL
710,5707,FAKE
711,8626,FAKE
712,5065,REAL
713,2521,FAKE
714,4343,REAL
715,3915,REAL
716,5679,FAKE
717,4447,REAL
718,8839,FAKE
719,6832,FAKE
720,3356,REAL
721,2435,REAL
722,8106,REAL
723,3553,FAKE
724,3992,REAL
725,6033,REAL
726,1312,REAL
727,9192,FAKE
728,7413,FAKE
729,1061,REAL
730,7910,FAKE
731,6852,FAKE
732,8058,FAKE
733,5690,FAKE
734,8943,FAKE
735,7320,FAKE
736,2566,REAL
737,7370,FAKE
738,4039,REAL
739,1886,REAL
740,3261,REAL
741,8548,FAKE
742,8302,FAKE
743,3459,REAL
744,657,REAL
745,5298,FAKE
746,3188,REAL
747,5004,REAL
748,9606,FAKE
749,35,REAL
750,646,REAL
751,6690,FAKE
752,1529,REAL
753,8213,FAKE
754,9970,FAKE
755,1622,REAL
756,1485,REAL
757,2915,REAL
758,1872,REAL
759,5017,REAL
760,4733,REAL
761,3542,REAL
762,4307,REAL
763,4845,REAL
764,10178,REAL
765,1822,REAL
766,6335,FAKE
767,8090,FAKE
768,2515,REAL
769,4332,REAL
770,6676,FAKE
771,4101,REAL
772,5499,FAKE
773,4143,REAL
774,7405,FAKE
775,579,REAL
776,8813,FAKE
777,442,REAL
778,9341,FAKE
779,3711,REAL
780,9404,FAKE
781,4730,REAL
782,1710,REAL
783,7340,FAKE
784,7288,FAKE
785,7053,FAKE
786,10545,FAKE
787,321,REAL
788,4627,REAL
789,754,REAL
790,7780,FAKE
791,4850,REAL
792,5308,FAKE
793,2275,FAKE
794,994,REAL
795,8673,FAKE
796,1086,REAL
797,8405,REAL
798,6226,FAKE
799,4141,FAKE
800,835,REAL
801,5118,REAL
802,2452,REAL
803,7856,FAKE
804,7505,FAKE
805,3334,REAL
806,4873,REAL
807,4810,REAL
808,8996,FAKE
809,2836,REAL
810,7653,REAL
811,3052,FAKE
812,1466,REAL
813,10171,FAKE
814,314,REAL
815,7422,FAKE
816,3502,REAL
817,2511,REAL
818,4013,REAL
819,333,REAL
820,5062,REAL
821,36,REAL
822,6564,FAKE
823,8061,FAKE
824,6142,FAKE
825,105,REAL
826,6006,FAKE
827,8888,FAKE
828,1744,REAL
829,1053,REAL
830,9504,FAKE
831,6953,FAKE
832,1069,REAL
833,7563,FAKE
834,4973,REAL
835,3432,REAL
836,7813,FAKE
837,9438,FAKE
838,1324,REAL
839,7184,FAKE
840,9805,FAKE
841,1666,REAL
842,6150,FAKE
843,8087,FAKE
844,8968,FAKE
845,9576,FAKE
846,504,FAKE
847,3290,REAL
848,5989,FAKE
849,8672,FAKE
850,2801,REAL
851,5780,FAKE
852,8118,FAKE
853,10358,FAKE
854,1820,REAL
855,3628,REAL
856,1609,REAL
857,2350,REAL
858,5092,REAL
859,10551,FAKE
860,9566,FAKE
861,9745,FAKE
862,946,REAL
863,8729,FAKE
864,6884,FAKE
865,3486,REAL
866,3371,REAL
867,976,REAL
868,6209,FAKE
869,5644,FAKE
870,8474,FAKE
871,4752,REAL
872,274,REAL
873,3847,REAL
874,5566,REAL
875,1183,REAL
876,3876,REAL
877,6102,FAKE
878,1359,REAL
879,9851,FAKE
880,5990,FAKE
881,9751,FAKE
882,7804,FAKE
883,1731,REAL
884,5550,FAKE
885,8526,FAKE
886,8690,FAKE
887,10176,FAKE
888,710,REAL
889,5738,FAKE
890,10008,FAKE
891,6059,FAKE
892,4974,REAL
893,5704,FAKE
894,4191,REAL
895,6396,FAKE
896,9137,FAKE
897,7915,FAKE
898,7995,FAKE
899,7106,FAKE
900,2034,REAL
901,7671,FAKE
902,2602,REAL
903,6766,FAKE
904,8121,FAKE
905,392,REAL
906,6165,FAKE
907,7985,FAKE
908,2870,REAL
909,1414,REAL
910,6158,FAKE
911,758,REAL
912,8615,FAKE
913,7519,FAKE
914,888,REAL
915,4480,FAKE
916,1041,REAL
917,1276,REAL
918,9065,FAKE
919,7925,FAKE
920,3603,REAL
921,6971,FAKE
922,5930,FAKE
923,376,REAL
924,3504,REAL
925,9483,FAKE
926,242,REAL
927,3384,FAKE
928,1741,REAL
929,2668,FAKE
930,593,REAL
931,8285,FAKE
932,10261,FAKE
933,8842,REAL
934,3316,REAL
935,5021,REAL
936,1202,REAL
937,7777,FAKE
938,3655,REAL
939,9843,FAKE
940,5172,REAL
941,4058,FAKE
942,9379,FAKE
943,4084,REAL
944,6945,FAKE
945,5193,REAL
946,5271,REAL
947,3756,REAL
948,8450,FAKE
949,2023,REAL
950,1683,REAL
951,7078,FAKE
952,8935,FAKE
953,8511,FAKE
954,106,FAKE
955,7874,FAKE
956,7491,FAKE
957,3797,REAL
958,6314,FAKE
959,2425,REAL
960,6200,FAKE
961,532,FAKE
962,8116,FAKE
963,7487,FAKE
964,373,REAL
965,4967,REAL
966,2906,REAL
967,306,REAL
968,5661,FAKE
969,8520,FAKE
970,8338,FAKE
971,1554,REAL
972,10523,FAKE
973,7651,FAKE
974,10221,FAKE
975,8769,REAL
976,9422,FAKE
977,6125,FAKE
978,10353,FAKE
979,5740,FAKE
980,3036,REAL
981,2782,REAL
982,5938,FAKE
983,9995,FAKE
984,1478,REAL
985,4531,REAL
986,4616,FAKE
987,4402,REAL
988,5343,FAKE
989,4124,REAL
990,1045,REAL
991,6697,FAKE
992,7279,FAKE
993,7215,FAKE
994,824,REAL
995,9353,FAKE
996,2760,REAL
997,761,REAL
998,1398,REAL
999,8287,REAL
1000,6929,FAKE
1001,1467,FAKE
1002,4888,REAL
1003,6684,FAKE
1004,1511,FAKE
1005,3568,FAKE
1006,5548,REAL
1007,10047,FAKE
1008,2885,REAL
1009,4903,REAL
1010,237,REAL
1011,1184,REAL
1012,6254,FAKE
1013,8899,FAKE
1014,9562,FAKE
1015,6199,FAKE
1016,4309,REAL
1017,3735,REAL
1018,7644,FAKE
1019,1243,REAL
1020,8719,FAKE
1021,1928,REAL
1022,9006,FAKE
1023,10386,FAKE
1024,642,REAL
1025,1442,REAL
1026,660,REAL
1027,480,REAL
1028,5164,REAL
1029,5904,FAKE
1030,10342,FAKE
1031,629,REAL
1032,8743,FAKE
1033,7969,FAKE
1034,4575,REAL
1035,557,REAL
1036,470,REAL
1037,10290,FAKE
1038,2491,REAL
1039,5318,FAKE
1040,10049,FAKE
1041,9938,FAKE
1042,6146,FAKE
1043,7632,FAKE
1044,6502,FAKE
1045,6181,FAKE
1046,5534,FAKE
1047,7231,FAKE
1048,7269,FAKE
1049,2165,REAL
1050,4846,REAL
1051,6848,FAKE
1052,7198,FAKE
1053,8050,FAKE
1054,2659,REAL
1055,3199,REAL
1056,2986,REAL
1057,8313,FAKE
1058,9395,FAKE
1059,5744,FAKE
1060,3298,REAL
1061,10202,FAKE
1062,9252,FAKE
1063,10319,FAKE
1064,4153,REAL
1065,5042,FAKE
1066,2927,REAL
1067,10249,FAKE
1068,3875,REAL
1069,4346,REAL
1070,5647,FAKE
1071,8349,FAKE
1072,555,REAL
1073,3292,REAL
1074,5571,FAKE
1075,7045,FAKE
1076,9897,FAKE
1077,3588,REAL
1078,10399,FAKE
1079,3515,REAL
1080,1572,REAL
1081,5669,FAKE
1082,8251,FAKE
1083,8875,FAKE
1084,9373,FAKE
1085,4640,REAL
1086,5558,FAKE
1087,2903,REAL
1088,6747,FAKE
1089,9686,FAKE
1090,9087,FAKE
1091,2209,REAL
1092,422,FAKE
1093,1956,REAL
1094,2474,REAL
1095,8072,FAKE
1096,149,REAL
1097,4074,REAL
1098,1873,REAL
1099,8629,FAKE
1100,4171,REAL
1101,565,FAKE
1102,3734,REAL
1103,1999,REAL
1104,1851,REAL
1105,1682,FAKE
1106,7826,FAKE
1107,8570,FAKE
1108,1365,REAL
1109,26,REAL
1110,10332,FAKE
1111,5958,REAL
1112,2038,REAL
1113,10264,FAKE
1114,6081,FAKE
1115,2767,REAL
1116,6332,FAKE
1117,8002,REAL
1118,8451,FAKE
1119,6185,FAKE
1120,5269,REAL
1121,2271,REAL
1122,2013,REAL
1123,1308,REAL
1124,9988,FAKE
1125,4611,FAKE
1126,1651,REAL
1127,774,REAL
1128,9881,FAKE
1129,7068,FAKE
1130,542,FAKE
1131,6439,FAKE
1132,6229,FAKE
1133,3075,REAL
1134,5782,FAKE
1135,6427,FAKE
1136,2563,REAL
1137,5069,REAL
1138,1031,REAL
1139,8841,FAKE
1140,7767,FAKE
1141,6070,FAKE
1142,4253,REAL
1143,2865,REAL
1144,4766,FAKE
1145,434,REAL
1146,5194,FAKE
1147,5907,FAKE
1148,2254,REAL
1149,4968,REAL
1150,4781,REAL
1151,6925,REAL
1152,9420,FAKE
1153,4472,REAL
1154,436,FAKE
1155,4731,REAL
1156,8138,FAKE
1157,669,REAL
1158,8279,FAKE
1159,3621,REAL
1160,857,REAL
1161,25,REAL
1162,1249,REAL
1163,3293,REAL
1164,649,REAL
1165,4503,REAL
1166,1330,REAL
1167,8348,FAKE
1168,8686,FAKE
1169,4319,REAL
1170,3490,REAL
1171,939,REAL
1172,10464,FAKE
1173,5196,REAL
1174,890,REAL
1175,3609,REAL
1176,2584,REAL
1177,2155,REAL
1178,8269,FAKE
1179,4282,REAL
1180,913,FAKE
1181,3362,REAL
1182,133,REAL
1183,5713,FAKE
1184,3014,REAL
1185,9015,FAKE
1186,1128,REAL
1187,8998,FAKE
1188,4513,REAL
1189,9912,FAKE
1190,4387,REAL
1191,9602,FAKE
1192,8040,FAKE
1193,2734,FAKE
1194,3332,FAKE
1195,1941,REAL
1196,6182,FAKE
1197,7766,FAKE
1198,3392,REAL
1199,9460,FAKE
1200,4241,REAL
1201,6011,REAL
1202,2388,FAKE
1203,1477,REAL
1204,6719,FAKE
1205,10196,FAKE
1206,3931,FAKE
1207,9526,FAKE
1208,391,REAL
1209,9246,FAKE
1210,9820,FAKE
1211,7888,FAKE
1212,5129,REAL
1213,5518,FAKE
1214,7987,FAKE
1215,9285,FAKE
1216,8412,FAKE
1217,3080,REAL
1218,9678,FAKE
1219,5764,REAL
1220,8418,FAKE
1221,7920,FAKE
1222,9677,FAKE
1223,7123,FAKE
1224,2112,REAL
1225,1350,REAL
1226,3647,REAL
1227,7575,FAKE
1228,1142,REAL
1229,6889,FAKE
1230,10455,FAKE
1231,848,REAL
1232,3503,REAL
1233,8789,FAKE
1234,6395,FAKE
1235,6163,FAKE
1236,8115,FAKE
1237,5013,REAL
1238,9837,FAKE
1239,4063,REAL
1240,922,REAL
1241,5255,REAL
1242,2476,REAL
1243,8602,FAKE
1244,3672,REAL
1245,3011,FAKE
1246,5996,FAKE
1247,8750,FAKE
1248,7476,FAKE
1249,5276,REAL
1250,4313,REAL
1251,2571,REAL
1252,4951,REAL
1253,1879,REAL
1254,5729,FAKE
1255,6952,FAKE
1256,8003,FAKE
1257,7235,FAKE
1258,4004,REAL
1259,5577,FAKE
1260,2168,FAKE
1261,6568,FAKE
1262,285,REAL
1263,1016,REAL
1264,9083,FAKE
1265,4755,REAL
1266,9049,FAKE
1267,8315,FAKE
1268,3439,REAL
1269,3241,REAL
1270,295,REAL
1271,9522,FAKE
1272,4301,REAL
1273,2490,REAL
1274,7142,FAKE
1275,2743,FAKE
1276,5966,FAKE
1277,9591,FAKE
1278,120,REAL
1279,10197,FAKE
1280,4998,REAL
1281,9108,FAKE
1282,4956,REAL
1283,2981,REAL
1284,2206,REAL
1285,2501,REAL
1286,2433,REAL
1287,1482,REAL
1288,6772,REAL
1289,3483,REAL
1290,2739,REAL
1291,2235,REAL
1292,4939,REAL
1293,1412,REAL
1294,920,REAL
1295,5515,FAKE
1296,5096,REAL
1297,6716,FAKE
1298,10475,FAKE
1299,1408,REAL
1300,6342,FAKE
1301,8111,FAKE
1302,380,REAL
1303,1513,REAL
1304,2804,REAL
1305,2185,REAL
1306,4001,REAL
1307,9502,FAKE
1308,9981,FAKE
1309,9904,FAKE
1310,4495,REAL
1311,9069,FAKE
1312,6556,FAKE
1313,2274,REAL
1314,9455,FAKE
1315,3724,REAL
1316,420,REAL
1317,3604,REAL
1318,3747,REAL
1319,9661,FAKE
1320,6281,FAKE
1321,2730,FAKE
1322,3390,REAL
1323,7569,FAKE
1324,6338,FAKE
1325,4510,REAL
1326,3654,REAL
1327,7088,FAKE
1328,3903,REAL
1329,9365,FAKE
1330,59,REAL
1331,3395,REAL
1332,3207,REAL
1333,5540,FAKE
1334,839,REAL
1335,5841,FAKE
1336,2487,REAL
1337,6262,REAL
1338,5675,FAKE
1339,4135,REAL
1340,7543,FAKE
1341,1209,REAL
1342,7536,FAKE
1343,9124,FAKE
1344,575,REAL
1345,4232,REAL
1346,5702,FAKE
1347,1040,REAL
1348,1191,REAL
1349,7659,FAKE
1350,3446,REAL
1351,1639,REAL
1352,556,FAKE
1353,2670,REAL
1354,2318,REAL
1355,9220,FAKE
1356,3149,REAL
1357,5257,REAL
1358,9161,FAKE
1359,9149,REAL
1360,1856,REAL
1361,3543,REAL
1362,7257,FAKE
1363,8291,FAKE
1364,9349,FAKE
1365,4017,FAKE
1366,8967,FAKE
1367,6144,FAKE
1368,8603,FAKE
1369,220,REAL
1370,7851,FAKE
1371,5090,REAL
1372,3725,REAL
1373,9451,FAKE
1374,8807,REAL
1375,2666,REAL
1376,3172,REAL
1377,782,REAL
1378,1317,REAL
1379,5756,FAKE
1380,8897,FAKE
1381,8022,FAKE
1382,4238,REAL
1383,2886,REAL
1384,2348,REAL
1385,3753,REAL
1386,6232,FAKE
1387,7149,FAKE
1388,6668,FAKE
1389,5873,FAKE
1390,3383,REAL
1391,10553,FAKE
1392,574,FAKE
1393,10112,FAKE
1394,5950,FAKE
1395,2667,FAKE
1396,39,FAKE
1397,4612,REAL
1398,6292,FAKE
1399,3169,REAL
1400,7682,FAKE
1401,4969,REAL
1402,2630,REAL
1403,7679,FAKE
1404,6779,FAKE
1405,6869,FAKE
1406,9445,FAKE
1407,4295,REAL
1408,374,REAL
1409,10182,FAKE
1410,4345,REAL
1411,9792,FAKE
1412,2224,REAL
1413,4008,FAKE
1414,4897,REAL
1415,398,REAL
1416,7035,FAKE
1417,8893,FAKE
1418,9323,FAKE
1419,7176,FAKE
1420,474,REAL
1421,2379,REAL
1422,1160,REAL
1423,6710,FAKE
1424,4753,REAL
1425,9045,FAKE
1426,1824,REAL
1427,9922,FAKE
1428,8793,FAKE
1429,1234,FAKE
1430,1256,REAL
1431,7974,FAKE
1432,6898,FAKE
1433,9091,FAKE
1434,8308,FAKE
1435,7539,FAKE
1436,243,REAL
1437,7496,FAKE
1438,4624,FAKE
1439,2520,REAL
1440,2391,REAL
1441,7301,FAKE
1442,7250,REAL
1443,10477,FAKE
1444,4926,REAL
1445,8008,FAKE
1446,3244,REAL
1447,9436,FAKE
1448,9106,FAKE
1449,7887,FAKE
1450,7120,FAKE
1451,7978,FAKE
1452,2827,REAL
1453,8529,FAKE
1454,8126,FAKE
1455,3511,REAL
1456,1788,REAL
1457,2940,REAL
1458,7683,FAKE
1459,4420,REAL
1460,8991,FAKE
1461,6922,FAKE
1462,3122,REAL
1463,2101,REAL
1464,88,REAL
1465,5409,FAKE
1466,5376,FAKE
1467,319,FAKE
1468,3068,REAL
1469,3028,REAL
1470,6099,FAKE
1471,6088,FAKE
1472,3732,REAL
1473,9627,FAKE
1474,7358,FAKE
1475,2718,REAL
1476,8580,FAKE
1477,4801,FAKE
1478,8365,REAL
1479,8361,FAKE
1480,3531,REAL
1481,7923,FAKE
1482,9208,FAKE
1483,630,REAL
1484,1971,REAL
1485,4444,REAL
1486,9599,FAKE
1487,2984,REAL
1488,1830,REAL
1489,8198,FAKE
1490,2555,REAL
1491,5792,FAKE
1492,10311,FAKE
1493,3952,REAL
1494,3431,REAL
1495,949,REAL
1496,37,REAL
1497,19,REAL
1498,3187,REAL
1499,5299,REAL
1500,10222,FAKE
1501,1703,FAKE
1502,10440,FAKE
1503,1725,REAL
1504,2105,REAL
1505,5781,FAKE
1506,10163,FAKE
1507,411,REAL
1508,5972,FAKE
1509,1647,REAL
1510,10064,FAKE
1511,3800,REAL
1512,2246,REAL
1513,10480,FAKE
1514,5372,FAKE
1515,8865,FAKE
1516,5759,FAKE
1517,1859,REAL
1518,6051,FAKE
1519,4604,FAKE
1520,5443,FAKE
1521,8176,FAKE
1522,9831,REAL
1523,430,REAL
1524,709,REAL
1525,765,REAL
1526,8333,FAKE
1527,5620,FAKE
1528,3157,REAL
1529,8585,FAKE
1530,190,REAL
1531,786,REAL
1532,6759,FAKE
1533,2702,REAL
1534,6979,FAKE
1535,5403,FAKE
1536,3719,REAL
1537,6807,FAKE
1538,6282,FAKE
1539,4828,REAL
1540,7689,FAKE
1541,1258,REAL
1542,8047,FAKE
1543,1316,REAL
1544,5077,FAKE
1545,9649,FAKE
1546,7618,FAKE
1547,6370,FAKE
1548,5076,FAKE
1549,2409,REAL
1550,9513,FAKE
1551,9672,FAKE
1552,2454,REAL
1553,289,REAL
1554,3617,REAL
1555,644,REAL
1556,1314,REAL
1557,3176,REAL
1558,9355,FAKE
1559,5517,FAKE
1560,3283,REAL
1561,5559,FAKE
1562,3620,REAL
1563,2568,REAL
1564,9127,FAKE
1565,8680,FAKE
1566,4607,REAL
1567,4836,REAL
1568,7479,FAKE
1569,8662,FAKE
1570,6023,REAL
1571,6401,FAKE
1572,4435,REAL
1573,6800,FAKE
1574,5046,REAL
1575,7619,FAKE
1576,5897,FAKE
1577,2114,REAL
1578,7477,FAKE
1579,10465,FAKE
1580,1395,REAL
1581,10495,FAKE
1582,6817,FAKE
1583,4564,FAKE
1584,9906,FAKE
1585,4857,REAL
1586,9017,FAKE
1587,1632,REAL
1588,2694,REAL
1589,573,REAL
1590,8262,FAKE
1591,7143,FAKE
1592,1401,REAL
1593,6782,FAKE
1594,3674,REAL
1595,2,REAL
1596,6444,FAKE
1597,4064,REAL
1598,6250,FAKE
1599,813,REAL
1600,6931,REAL
1601,2061,FAKE
1602,9452,FAKE
1603,1815,REAL
1604,9374,FAKE
1605,2756,FAKE
1606,10430,FAKE
1607,9670,FAKE
1608,7450,FAKE
1609,1995,REAL
1610,2933,REAL
1611,3973,REAL
1612,9315,FAKE
1613,1378,REAL
1614,9658,FAKE
1615,7976,FAKE
1616,4035,FAKE
1617,5110,REAL
1618,6846,FAKE
1619,1844,REAL
1620,6305,FAKE
1621,1144,REAL
1622,9240,FAKE
1623,8667,FAKE
1624,7329,FAKE
1625,5333,FAKE
1626,4389,FAKE
1627,2594,REAL
1628,6108,FAKE
1629,1678,REAL
1630,3857,FAKE
1631,6773,FAKE
1632,1575,REAL
1633,2970,REAL
1634,195,REAL
1635,7926,FAKE
1636,6827,FAKE
1637,7594,REAL
1638,3815,REAL
1639,8843,REAL
1640,2944,REAL
1641,1282,REAL
1642,8447,FAKE
1643,1658,REAL
1644,7334,FAKE
1645,8481,FAKE
1646,3824,REAL
1647,4288,REAL
1648,5698,FAKE
1649,8947,FAKE
1650,7286,FAKE
1651,1302,REAL
1652,10491,FAKE
1653,7896,FAKE
1654,9459,FAKE
1655,5633,FAKE
1656,6823,FAKE
1657,2212,FAKE
1658,2299,REAL
1659,4007,FAKE
1660,5353,FAKE
1661,8746,FAKE
1662,886,FAKE
1663,7568,FAKE
1664,9224,REAL
1665,9442,FAKE
1666,6630,REAL
1667,559,FAKE
1668,1739,REAL
1669,3296,REAL
1670,7770,FAKE
1671,4941,REAL
1672,2383,REAL
1673,9236,FAKE
1674,631,REAL
1675,9515,FAKE
1676,8209,FAKE
1677,341,REAL
1678,9159,FAKE
1679,3491,REAL
1680,5412,FAKE
1681,9430,FAKE
1682,7321,FAKE
1683,7726,FAKE
1684,1584,REAL
1685,4677,FAKE
1686,5181,REAL
1687,2982,REAL
1688,9700,FAKE
1689,2936,REAL
1690,4140,REAL
1691,9467,FAKE
1692,9255,FAKE
1693,6867,FAKE
1694,7514,FAKE
1695,9225,FAKE
1696,4156,FAKE
1697,3025,REAL
1698,428,REAL
1699,1696,REAL
1700,1372,REAL
1701,2324,REAL
1702,9558,FAKE
1703,7122,FAKE
1704,6930,FAKE
1705,8734,REAL
1706,4458,REAL
1707,10245,FAKE
1708,5806,FAKE
1709,7230,FAKE
1710,3405,REAL
1711,6751,FAKE
1712,3464,REAL
1713,4209,REAL
1714,4249,REAL
1715,1888,REAL
1716,8434,FAKE
1717,1496,REAL
1718,5523,FAKE
1719,6298,FAKE
1720,5167,REAL
1721,3047,REAL
1722,2294,REAL
1723,6385,FAKE
1724,4028,FAKE
1725,635,REAL
1726,9476,FAKE
1727,2227,REAL
1728,5746,FAKE
1729,5627,FAKE
1730,5584,FAKE
1731,9946,FAKE
1732,8586,FAKE
1733,4644,REAL
1734,3596,REAL
1735,10072,FAKE
1736,549,FAKE
1737,910,REAL
1738,6554,FAKE
1739,8700,FAKE
1740,3110,REAL
1741,4474,REAL
1742,1587,REAL
1743,311,FAKE
1744,1346,REAL
1745,7734,FAKE
1746,1362,REAL
1747,5418,FAKE
1748,461,REAL
1749,560,REAL
1750,7464,FAKE
1751,132,REAL
1752,10055,REAL
1753,8566,FAKE
1754,8826,FAKE
1755,7959,FAKE
1756,1758,REAL
1757,10542,FAKE
1758,5993,REAL
1759,7307,FAKE
1760,10148,FAKE
1761,3344,REAL
1762,1863,REAL
1763,5324,FAKE
1764,7531,FAKE
1765,8158,FAKE
1766,8593,FAKE
1767,5191,FAKE
1768,282,REAL
1769,4821,REAL
1770,5902,FAKE
1771,5886,FAKE
1772,2033,REAL
1773,4557,REAL
1774,238,REAL
1775,6628,FAKE
1776,1674,REAL
1777,5086,REAL
1778,6373,FAKE
1779,5834,FAKE
1780,473,REAL
1781,6520,FAKE
1782,4598,FAKE
1783,76,REAL
1784,4041,REAL
1785,4094,REAL
1786,10022,FAKE
1787,9380,FAKE
1788,5204,REAL
1789,7897,FAKE
1790,10497,FAKE
1791,10240,FAKE
1792,7555,FAKE
1793,5024,REAL
1794,7784,FAKE
1795,8535,FAKE
1796,10322,FAKE
1797,4127,FAKE
1798,8864,FAKE
1799,4832,REAL
1800,7518,FAKE
1801,8665,FAKE
1802,3319,REAL
1803,8156,FAKE
1804,904,REAL
1805,4578,REAL
1806,6036,FAKE
1807,1253,REAL
1808,8946,FAKE
1809,10032,FAKE
1810,1367,REAL
1811,6096,FAKE
1812,1430,REAL
1813,707,REAL
1814,4646,REAL
1815,279,REAL
1816,7941,FAKE
1817,9470,FAKE
1818,2459,REAL
1819,8857,FAKE
1820,6866,FAKE
1821,3191,REAL
1822,1149,REAL
1823,8659,REAL
1824,9862,FAKE
1825,2875,FAKE
1826,1704,FAKE
1827,9082,FAKE
1828,5910,FAKE
1829,3479,REAL
1830,9490,FAKE
1831,6847,REAL
1832,4809,FAKE
1833,6193,FAKE
1834,5884,FAKE
1835,3379,REAL
1836,9272,FAKE
1837,595,REAL
1838,8464,FAKE
1839,3473,REAL
1840,3286,REAL
1841,8165,FAKE
1842,3984,REAL
1843,5494,FAKE
1844,7273,FAKE
1845,1268,REAL
1846,10160,FAKE
1847,8228,REAL
1848,3053,REAL
1849,3649,REAL
1850,395,REAL
1851,254,REAL
1852,388,REAL
1853,4057,FAKE
1854,122,REAL
1855,8565,FAKE
1856,7287,FAKE
1857,799,REAL
1858,6052,FAKE
1859,1493,REAL
1860,5300,FAKE
1861,8661,FAKE
1862,1814,REAL
1863,4098,REAL
1864,8542,FAKE
1865,1057,REAL
1866,296,REAL
1867,8500,FAKE
1868,8270,REAL
1869,1163,REAL
1870,7884,FAKE
1871,6629,FAKE
1872,1391,REAL
1873,444,REAL
1874,5913,FAKE
1875,7773,FAKE
1876,9530,FAKE
1877,8870,REAL
1878,744,REAL
1879,7806,FAKE
1880,8362,FAKE
1881,4839,REAL
1882,955,REAL
1883,6368,FAKE
1884,10505,FAKE
1885,823,REAL
1886,10392,FAKE
1887,616,FAKE
1888,9465,FAKE
1889,5001,REAL
1890,5923,FAKE
1891,9651,REAL
1892,2671,REAL
1893,3020,REAL
1894,2548,REAL
1895,4507,REAL
1896,176,REAL
1897,2322,REAL
1898,1387,REAL
1899,8199,REAL
1900,7772,FAKE
1901,5721,FAKE
1902,8433,FAKE
1903,9167,FAKE
1904,8571,FAKE
1905,1827,REAL
1906,10075,FAKE
1907,1076,REAL
1908,594,FAKE
1909,2495,FAKE
1910,9331,FAKE
1911,10140,FAKE
1912,8880,FAKE
1913,7585,FAKE
1914,8768,FAKE
1915,968,REAL
1916,5805,REAL
1917,2450,REAL
1918,10325,FAKE
1919,78,REAL
1920,8131,FAKE
1921,10380,FAKE
1922,2494,REAL
1923,349,FAKE
1924,2575,REAL
1925,6231,FAKE
1926,6026,FAKE
1927,5157,REAL
1928,6946,FAKE
1929,2446,REAL
1930,2925,REAL
1931,1068,REAL
1932,2416,REAL
1933,8930,REAL
1934,7168,FAKE
1935,5797,FAKE
1936,498,FAKE
1937,9882,FAKE
1938,10074,FAKE
1939,10229,FAKE
1940,8164,FAKE
1941,4960,REAL
1942,5022,REAL
1943,6565,FAKE
1944,8286,FAKE
1945,8030,FAKE
1946,10447,FAKE
1947,4252,REAL
1948,3541,REAL
1949,2808,REAL
1950,2455,FAKE
1951,9248,FAKE
1952,1709,FAKE
1953,732,REAL
1954,7717,REAL
1955,6652,REAL
1956,2236,REAL
1957,6691,FAKE
1958,8189,REAL
1959,2201,REAL
1960,5453,FAKE
1961,5424,FAKE
1962,5594,FAKE
1963,6056,FAKE
1964,7,REAL
1965,8295,FAKE
1966,3448,REAL
1967,7721,FAKE
1968,2552,REAL
1969,1073,REAL
1970,1862,FAKE
1971,5441,FAKE
1972,9387,FAKE
1973,6536,FAKE
1974,5033,REAL
1975,5342,FAKE
1976,1841,REAL
1977,1136,REAL
1978,3129,REAL
1979,1336,REAL
1980,7457,FAKE
1981,6302,FAKE
1982,9115,FAKE
1983,7876,FAKE
1984,5166,REAL
1985,4290,REAL
1986,9919,FAKE
1987,9691,FAKE
1988,4336,REAL
1989,7614,FAKE
1990,5108,REAL
1991,7060,FAKE
1992,7056,FAKE
1993,6045,FAKE
1994,8379,FAKE
1995,1795,REAL
1996,9975,FAKE
1997,4628,REAL
1998,4125,REAL
1999,6116,FAKE
2000,4152,REAL
2001,7889,FAKE
2002,1813,REAL
2003,4885,FAKE
2004,5071,REAL
2005,5952,FAKE
2006,6021,FAKE
2007,7159,FAKE
2008,6569,REAL
2009,2637,REAL
2010,6374,FAKE
2011,1267,REAL
2012,7725,FAKE
2013,3266,REAL
2014,895,REAL
2015,2020,REAL
2016,2512,REAL
2017,3346,REAL
2018,1750,REAL
2019,1400,REAL
2020,3663,REAL
2021,5137,REAL
2022,10463,FAKE
2023,7937,FAKE
2024,5382,FAKE
2025,8964,FAKE
2026,5823,FAKE
2027,3404,REAL
2028,9094,FAKE
2029,125,REAL
2030,2641,REAL
2031,4614,REAL
2032,2245,REAL
2033,5998,REAL
2034,8017,FAKE
2035,5761,FAKE
2036,7802,FAKE
2037,3033,FAKE
2038,8792,FAKE
2039,3849,REAL
2040,7521,FAKE
2041,10100,FAKE
2042,2608,REAL
2043,9245,FAKE
2044,5953,FAKE
2045,4978,REAL
2046,2191,REAL
2047,5916,FAKE
2048,7323,FAKE
2049,4525,FAKE
2050,3956,REAL
2051,1307,REAL
2052,338,REAL
2053,6127,FAKE
2054,4333,REAL
2055,2225,REAL
2056,9885,FAKE
2057,10063,FAKE
2058,6284,FAKE
2059,9556,FAKE
2060,872,REAL
2061,6228,FAKE
2062,745,REAL
2063,1692,REAL
2064,1404,REAL
2065,4310,REAL
2066,5611,FAKE
2067,9813,FAKE
2068,2613,REAL
2069,2055,REAL
2070,9656,FAKE
2071,8811,FAKE
2072,8503,REAL
2073,6789,REAL
2074,5390,FAKE
2075,7749,FAKE
2076,4108,REAL
2077,4902,FAKE
2078,6868,FAKE
2079,9260,FAKE
2080,4502,REAL
2081,3970,REAL
2082,4121,REAL
2083,8432,FAKE
2084,4036,FAKE
2085,5504,FAKE
2086,8426,FAKE
2087,5179,REAL
2088,4882,REAL
2089,2262,REAL
2090,1646,REAL
2091,4488,REAL
2092,301,REAL
2093,3838,REAL
2094,6450,REAL
2095,3587,REAL
2096,1866,REAL
2097,2752,REAL
2098,7655,FAKE
2099,7188,FAKE
2100,4189,REAL
2101,4555,REAL
2102,7855,FAKE
2103,6741,FAKE
2104,6355,FAKE
2105,9842,FAKE
2106,4863,REAL
2107,5360,FAKE
2108,3185,REAL
2109,1637,REAL
2110,9059,FAKE
2111,8218,FAKE
2112,3646,FAKE
2113,5338,FAKE
2114,3787,FAKE
2115,7899,FAKE
2116,2720,FAKE
2117,6365,FAKE
2118,2071,REAL
2119,6151,FAKE
2120,3377,REAL
2121,10494,FAKE
2122,9713,FAKE
2123,7009,FAKE
2124,5037,REAL
2125,5632,REAL
2126,4649,FAKE
2127,9772,FAKE
2128,278,REAL
2129,10312,FAKE
2130,7675,FAKE
2131,6839,FAKE
2132,5709,FAKE
2133,5130,REAL
2134,6187,FAKE
2135,7107,FAKE
2136,7162,FAKE
2137,9725,FAKE
2138,1896,REAL
2139,8107,FAKE
2140,5314,FAKE
2141,9417,FAKE
2142,1390,REAL
2143,3458,REAL
2144,673,REAL
2145,6438,FAKE
2146,8579,FAKE
2147,9836,FAKE
2148,7085,FAKE
2149,4847,REAL
2150,4927,REAL
2151,5736,FAKE
2152,10413,FAKE
2153,5597,FAKE
2154,4037,REAL
2155,8231,FAKE
2156,2193,REAL
2157,2830,REAL
2158,2819,REAL
2159,8410,FAKE
2160,8253,FAKE
2161,6983,REAL
2162,9423,FAKE
2163,724,REAL
2164,7043,FAKE
2165,3658,FAKE
2166,10015,REAL
2167,5531,FAKE
2168,6360,FAKE
2169,5481,FAKE
2170,8835,FAKE
2171,10486,REAL
2172,10181,FAKE
2173,5601,FAKE
2174,3520,REAL
2175,4499,REAL
2176,5231,FAKE
2177,7116,FAKE
2178,10517,FAKE
2179,5389,FAKE
2180,153,REAL
2181,2484,REAL
2182,3166,REAL
2183,1736,REAL
2184,5766,FAKE
2185,3335,FAKE
2186,3976,REAL
2187,4530,REAL
2188,210,REAL
2189,2561,REAL
2190,453,REAL
2191,9598,FAKE
2192,9187,FAKE
2193,2410,REAL
2194,6699,REAL
2195,7627,FAKE
2196,4487,REAL
2197,4716,REAL
2198,1003,REAL
2199,5801,FAKE
2200,977,REAL
2201,2572,REAL
2202,8855,FAKE
2203,7932,FAKE
2204,3007,REAL
2205,5833,FAKE
2206,1290,REAL
2207,522,FAKE
2208,9759,FAKE
2209,9832,FAKE
2210,7005,FAKE
2211,6300,FAKE
2212,4634,FAKE
2213,7638,FAKE
2214,142,FAKE
2215,8613,FAKE
2216,9901,FAKE
2217,5168,REAL
2218,9542,FAKE
2219,2794,REAL
2220,7171,FAKE
2221,2043,REAL
2222,9887,FAKE
2223,7475,FAKE
2224,7836,FAKE
2225,5425,REAL
2226,8900,FAKE
2227,6849,REAL
2228,4613,FAKE
2229,7182,FAKE
2230,8859,FAKE
2231,2749,FAKE
2232,5406,FAKE
2233,7570,FAKE
2234,8904,FAKE
2235,5016,REAL
2236,2001,REAL
2237,9721,FAKE
2238,258,REAL
2239,8582,FAKE
2240,4694,REAL
2241,9925,FAKE
2242,10157,REAL
2243,9325,FAKE
2244,1300,REAL
2245,5391,FAKE
2246,8141,FAKE
2247,5454,FAKE
2248,8694,FAKE
2249,8053,FAKE
2250,3050,REAL
2251,9377,FAKE
2252,8293,FAKE
2253,7008,FAKE
2254,989,REAL
2255,6713,FAKE
2256,1743,REAL
2257,5574,FAKE
2258,1257,REAL
2259,2279,REAL
2260,10086,FAKE
2261,2993,REAL
2262,6935,FAKE
2263,3839,REAL
2264,4227,REAL
2265,2799,REAL
2266,8350,FAKE
2267,515,REAL
2268,8808,FAKE
2269,2249,REAL
2270,7082,FAKE
2271,3013,REAL
2272,3388,REAL
2273,4655,REAL
2274,9817,FAKE
2275,7900,FAKE
2276,2776,REAL
2277,340,REAL
2278,359,REAL
2279,7759,FAKE
2280,2733,REAL
2281,8757,FAKE
2282,9218,FAKE
2283,1542,REAL
2284,4799,REAL
2285,10289,FAKE
2286,9727,FAKE
2287,9621,FAKE
2288,9695,FAKE
2289,7437,FAKE
2290,10417,REAL
2291,6457,FAKE
2292,7030,FAKE
2293,9013,FAKE
2294,9509,FAKE
2295,3825,REAL
2296,4515,REAL
2297,2747,REAL
2298,6516,FAKE
2299,9636,REAL
2300,7398,FAKE
2301,3717,REAL
2302,5205,REAL
2303,6696,FAKE
2304,7991,FAKE
2305,1303,REAL
2306,9051,FAKE
2307,10200,FAKE
2308,10009,FAKE
2309,4214,REAL
2310,2316,REAL
2311,8411,FAKE
2312,6143,FAKE
2313,3262,REAL
2314,9337,FAKE
2315,8737,FAKE
2316,4490,REAL
2317,8062,FAKE
2318,8622,FAKE
2319,4021,REAL
2320,4330,REAL
